<?xml version="1.0" encoding="UTF-8" ?>
<!DOCTYPE mapper PUBLIC "-//mybatis.org//DTD Mapper 3.0//EN" "http://mybatis.org/dtd/mybatis-3-mapper.dtd" >
<mapper namespace="com.tangmran.mapper.StudentMapper">
    <insert id="addStudent">
        insert into student(name, id, classroom,score)
        values (#{name}, #{id}, #{classroom},#{score})
    </insert>
    <update id="updateStudentById">
        update student set score = #{score} where id = #{id}
    </update>
    <delete id="deleteStudentByID">
        delete
        from student
        where id = #{id}
    </delete>

    <select id="selectAll" resultType="com.tangmran.pojo.Student">
        select * from student
    </select>
    <select id="selectOne" resultType="com.tangmran.pojo.Student">
        select *
        from student
        where id = #{id}
    </select>
</mapper>