<?xml version="1.0" encoding="UTF-8"?>
<beans xmlns="http://www.springframework.org/schema/beans"
       xmlns:context="http://www.springframework.org/schema/context"
       xmlns:aop="http://www.springframework.org/schema/aop" xmlns:tx="http://www.springframework.org/schema/tx"
       xmlns:xsi="http://www.w3.org/2001/XMLSchema-instance"
       xsi:schemaLocation="
        http://www.springframework.org/schema/beans 
        http://www.springframework.org/schema/beans/spring-beans.xsd
        http://www.springframework.org/schema/context 
        http://www.springframework.org/schema/context/spring-context.xsd
        http://www.springframework.org/schema/aop 
        http://www.springframework.org/schema/aop/spring-aop.xsd
        http://www.springframework.org/schema/tx 
        http://www.springframework.org/schema/tx/spring-tx.xsd">

    <!--组件扫描器-->
    <context:component-scan base-package="com.tangmran"/>
    <!--自动DI解析器-->
    <context:annotation-config/>
    <!--连接数据库的配置文件的地址,最后配置不去系统文件找(效果与db.properties里面的jdbc.的这个前缀一样)-->
    <context:property-placeholder location="classpath:db.properties" system-properties-mode="NEVER"/>

    <!--若只配置了连接数据库的地址,相当于只写了一本电话本,我们还需要告诉它如何去连接-->
    <!-- 连接池对象 -->
    <bean id="dataSource" class="com.alibaba.druid.pool.DruidDataSource"
          init-method="init" destroy-method="close">
        <property name="driverClassName" value="${jdbc.driverClassName}"/>
        <property name="username" value="${jdbc.username}"/>
        <property name="url" value="${jdbc.url}"/>
        <property name="password" value="${jdbc.password}"/>
    </bean>

    <!-- 配置SessionFactory -->
    <bean id="sessionFactory"
          class="org.mybatis.spring.SqlSessionFactoryBean">
        <!-- 1:连接池 -->
        <property name="dataSource" ref="dataSource"/>
        <!-- 2:读取MyBatis总配置文件 -->
        <property name="configLocation" value="classpath:mybatis-config.xml"/>
        <!-- 3:配置别名扫描 -->
        <property name="typeAliasesPackage" value="com.tangmran.pojo"/>
        <!-- 4:加载mapper文件 -->
        <property name="mapperLocations" value="classpath:com/tangmran/mapper/StudentMapper.xml"/>
    </bean>
    <!--创建mapper文件的扫描器-->
    <bean class="org.mybatis.spring.mapper.MapperScannerConfigurer">
        <property name="basePackage" value="com.tangmran.mapper"></property>
    </bean>

    <!-- 配置事务 -->
    <bean id="txManager"
          class="org.springframework.jdbc.datasource.DataSourceTransactionManager">
        <property name="dataSource" ref="dataSource"/>
    </bean>

    <tx:advice id="txAdvice" transaction-manager="txManager">
        <tx:attributes>
            <tx:method name="get*" read-only="true"/>
            <tx:method name="list*" read-only="true"/>
            <tx:method name="query*" read-only="true"/>
            <tx:method name="*" propagation="REQUIRED"/>
        </tx:attributes>
    </tx:advice>
    <aop:config>
        <aop:pointcut expression="execution(* com.tangmran.service.*Service.*(..))" id="txPoint"/>
        <aop:advisor advice-ref="txAdvice" pointcut-ref="txPoint"/>
    </aop:config>

</beans>