<?xml version="1.0" encoding="UTF-8"?>
<!DOCTYPE configuration
        PUBLIC "-//mybatis.org//DTD Config 3.0//EN"
        "http://mybatis.org/dtd/mybatis-3-config.dtd">

<configuration>
    <settings>
        <!--配置允许懒加载-->
        <setting name="lazyLoadingEnabled" value="true"/>
        <!--取消关联查询积极性-->
        <setting name="aggressiveLazyLoading" value="false"/>
        <!--哪些方法触发关系查询-->
        <setting name="lazyLoadTriggerMethods" value="clone"/>
    </settings>
    <!--在mybatis中配置分页插件-->
    <!--<plugins>
        &lt;!&ndash; com.github.pagehelper为PageHelper类所在包名 &ndash;&gt;
        <plugin interceptor="com.github.pagehelper.PageInterceptor"></plugin>
    </plugins>-->

</configuration>
